statement_id,kind,number_text,number_start,number_end,section,page_hint,level_of_evidence,consensus_pct,voting_round,meets_80pct_table_threshold,statement_class,graph_candidate,atomic_condition_count,mentioned_treatments,decision_scopes,statement_text
S1R,statement,1,1,1,Investigations and general aspects,3,III,98.4,second,True,non_decisional,False,1,,,"When CT, often used as first-level imaging, cannot clearly confirm or exclude cartilage involvement in patients with laryngeal squamous cell carcinoma, multiparametric MRI is the most accurate diagnostic method to assess this finding."
S2R,statement,2,2,2,Investigations and general aspects,3,IV,96.6,second,True,non_decisional,False,1,,,Arytenoid fixation in laryngeal cancers might be due to different causes that should be thoroughly investigated with imaging and endoscopy before planning partial surgery.
SA1,additional_statement,1,1,1,Investigations and general aspects,3,IV,98.2,second,True,non_decisional,False,1,,,"When CT cannot clearly confirm or exclude involvement of the posterior portion of the inferior paraglottic space (also referred to as the thyrocricoarytenoid space) in patients with laryngeal squamous cell carcinoma determining vocal cord or arytenoid mobility impairment, multiparametric MRI is the most accurate diagnostic method to assess this finding."
S3R,statement,3,3,3,Investigations and general aspects,3,IV,97.5,first,True,absolute_contraindication,True,5,"total_laryngectomy, ophl_any","surgical_lp, larynx_preservation_any","The four extensions potentially determining vocal cord or arytenoid mobility impairment are associated with different management when surgery is indicated: (1) the mass effect determined by supraglottic cancers does not necessarily preclude type I or II open partial horizontal laryngectomy; (2) inferior paraglottic space involvement with no other critical extensions could be treated with type II open partial horizontal laryngectomy extended to the ipsilateral arytenoid; (3) involvement of the cricoarytenoid joint could be managed with type III open partial horizontal laryngectomy extended to the ipsilateral CAU (in well selected patients and in centres with adequate experience) or total laryngectomy. If partial laryngectomy is planned, the patient should also give consent to a possible intraoperative conversion to total laryngectomy; or (4) involvement of the posterior cricoarytenoid muscle and hypopharyngeal mucosa or submucosa calls for total laryngectomy with partial hypopharyngectomy if surgery is indicated."
S4R,statement,4,4,4,Investigations and general aspects,3,IV,97.5,first,True,contextual_selection,True,1,tlm,"surgical_lp, larynx_preservation_any",Endoscopic evidence of impaired vocal cord mobility has a negative effect on local control with both radiotherapy and transoral laser microsurgery.
SA2,additional_statement,2,2,2,Investigations and general aspects,3,V,87.5,second,True,selection_factor,True,1,,,"Some unfavourable cT2 (eg, radiological invasion of intrinsic muscles, partially impaired vocal cord mobility, or bulky supraglottic component) laryngeal squamous cell carcinomas have outcomes that are more similar to cT3 tumours and might require more aggressive management than is normally given for cT2 tumours."
SA3,additional_statement,3,3,3,Investigations and general aspects,3,IV,98.5,second,True,contextual_selection,True,1,,larynx_preservation_any,"Larynx-preservation treatment, whether unimodal or multimodal, should be preferably performed in centres with a high volume of patients with laryngeal squamous cell carcinomas."
S5R,statement,5,5,5,Transoral surgery,3,III,100.0,first,True,absolute_contraindication,True,1,tlm,"surgical_lp, larynx_preservation_any","In transoral laser microsurgery, inadequate exposure is the primary factor preventing the achievement of negative margins. Exposure mostly depends on the patient’s anatomical characteristics, the surgeon’s expertise, and the availability of adequate equipment."
S6R,statement,6,6,6,Transoral surgery,3,IV,92.2,first,True,exception,True,1,tlm,"surgical_lp, larynx_preservation_any",Older age (>70 years) alone is not a contraindication for transoral laser microsurgery in patients with T3 laryngeal cancer without severe neurological or respiratory comorbidities.
S7R,statement,7,7,7,Transoral surgery,3,IV-V,100.0,second,True,absolute_contraindication,True,6,tlm,"surgical_lp, larynx_preservation_any",The following extensions are absolute contraindications for transoral laser microsurgery in T3 laryngeal cancer: posterior laryngeal involvement requiring bilateral arytenoid resection (LoE: V); inner cortical infiltration (even if focal) of the thyroid cartilage (LoE: IV); posterior paraglottic involvement (LoE: IV); anterior commissure involvement with difficult exposure (LoE: IV); extensive supraglottic tumours with massive infiltration of the pre-epiglottic space (LoE: V); and subglottic extension under 10 mm in the posterior part of the glottis (LoE: IV).
S8,statement,8,8,8,Transoral surgery,3,IV-V,95.7,first,True,relative_contraindication,True,4,tlm,"surgical_lp, larynx_preservation_any",The following extensions are relative contraindications to transoral laser microsurgery in T3 laryngeal cancers: anterior commissure involvement with difficult exposure (LoE: IV); focal cartilage infiltration of the thyroid cartilage (LoE: IV); subglottic extension under 10 mm in the posterior part of the glottis (LoE: IV); and extensive supraglottic tumours with massive infiltration of the pre-epiglottic space (LoE: V).
S9R,statement,9,9,9,Transoral surgery,3,III,95.8,first,True,contextual_selection,True,1,"tlm, ophl_any, nonsurgical_lp","larynx_preservation_any, nonsurgical_lp, surgical_lp","Thyroid cartilage erosion is a contraindication for transoral laser microsurgery in glottic cT3 lesions. In such cases, type II open partial horizontal laryngectomy or non-surgical organ preservation protocols are more appropriate options."
S10R,statement,10,10,10,Transoral surgery,3,IV,100.0,second,True,contextual_selection,True,1,"tlm, tors, ophl_any, nonsurgical_lp","larynx_preservation_any, nonsurgical_lp, surgical_lp","In supraglottic cT3 lesions, transoral laser microsurgery, and transoral robotic surgery are viable strategies in the case of limited invasion of the preepiglottic space (ie, not abutting the thyrohyoid membrane). Otherwise, type I (in the case of more pronounced pre-epiglottic space involvement) or IIB open partial horizontal laryngectomy (in patients with thyroid cartilage erosion) or non-surgical organ preservation protocols should be considered."
S11,statement,11,11,11,Transoral surgery,3,IV,98.4,first,True,contextual_selection,True,1,tlm,"surgical_lp, larynx_preservation_any","Multiple positive superficial margins, one or more positive deep margins, or both after transoral laser microsurgery necessitate additional treatment."
SA4R,additional_statement,4,4,4,Transoral surgery,3,IV,92.7,third,True,recommendation,True,1,tlm,"surgical_lp, larynx_preservation_any","In the case of multiple positive superficial margins, one or more positive deep margins, or both following transoral laser microsurgery, redo surgery is the preferred option unless the areas at risk of bearing microscopic disease cannot be adequately and safely exposed or resected. For instance, when inner laryngeal perichondrium is the site of margin involvement, redo surgery cannot be performed with transoral laser microsurgery."
SA5,additional_statement,5,5,5,Transoral surgery,3,IV,82.8,second,True,non_decisional,False,1,,,A single positive superficial margin does not necessarily call for additional treatment. Follow-up with periodic endoscopic and bioendoscopic evaluation might be indicated.
S12,statement,12,12,12,Transoral surgery,3,IV,96.7,first,True,contextual_selection,True,1,tlm,"surgical_lp, larynx_preservation_any",Transoral laser microsurgery is not indicated as a first-line treatment in locally advanced hypopharyngeal cancer.
S13,statement,13,13,13,Open partial horizontal laryngectomy,4,IV,96.5,first,True,contextual_selection,True,1,ophl_any,"surgical_lp, larynx_preservation_any",The identification of suitable candidates for open partial horizontal laryngectomy should consider the baseline clinical factors and physiological stress that follows the surgical procedure. Good cardiopulmonary and neurological functions and a good performance status are necessary prerequisites.
S14,statement,14,14,14,Open partial horizontal laryngectomy,4,IV,89.4,first,True,contextual_selection,True,1,ophl_any,"surgical_lp, larynx_preservation_any",cT3 laryngeal cancers with involvement of the anterior compartments of the larynx can be treated with open partial horizontal laryngectomy type II with excellent oncological results even if there is focal invasion or the thyroid cartilage.
S15R,statement,15,15,15,Open partial horizontal laryngectomy,4,IV,97.8,second,True,absolute_contraindication,True,1,ophl_any,"surgical_lp, larynx_preservation_any","cT3 laryngeal cancers that cross the magic plane (ie, the virtual paracoronal plane passing through the vocal process of the arytenoid and reaching the thyroid lamina perpendicularly) posteriorly with involvement of the posterior portion of the inferior paraglottic space or causing arytenoid fixation should not be treated with type I or type II open partial horizontal laryngectomy."
S16R,statement,16,16,16,Open partial horizontal laryngectomy,4,IV,98.0,first,True,absolute_contraindication,True,1,surgical_lp,"surgical_lp, larynx_preservation_any",Posterior laryngeal involvement requiring bilateral arytenoid resection is an absolute contraindication to any type of conservative surgery
S17R,statement,17,17,17,Open partial horizontal laryngectomy,4,IV,100.0,first,True,absolute_contraindication,True,1,ophl_any,"surgical_lp, larynx_preservation_any",The following extensions are contraindications for type II open partial horizontal laryngectomy in cT3 laryngeal cancer: inferior laryngeal involvement extending over 10 mm in the subglottis and cricoarytenoid joint invasion.
S18R,statement,18,18,18,Open partial horizontal laryngectomy,4,IV,87.0,second,True,fallback_option,True,1,ophl_any,"surgical_lp, larynx_preservation_any","In centres with great experience, selected patients affected by cT3 laryngeal cancer with anterior subglottic extension over 10 mm could be offered type III open partial horizontal laryngectomy with or without CAU resection, provided that the contralateral CAU is mobile and sensate."
S19R,statement,19,19,19,Radiotherapy and chemotherapy,4,IV,95.2,second,True,relative_contraindication,True,3,nonsurgical_lp,"larynx_preservation_any, nonsurgical_lp","Non-surgical organ preservation treatments are contraindicated in patients with severe pretreatment laryngo-oesophageal dysfunction, which is clinically defined by the following elements: laryngeal penetration or aspiration, or recurrent pneumonia. Relative contraindications are pretreatment tracheostomy or pretreatment feeding tube, particularly regarding the recovery of laryngeal and oesophageal function."
S20R,statement,20,20,20,Radiotherapy and chemotherapy,4,IV,91.7,second,True,relative_contraindication,True,1,nonsurgical_lp,"larynx_preservation_any, nonsurgical_lp",Significant subglottic extension and extensive involvement of the cricoid cartilage are relative contraindications for non-surgical organ preservation treatments.
S21,statement,21,21,21,Radiotherapy and chemotherapy,4,V,88.7,first,True,exception,True,1,nonsurgical_lp,"larynx_preservation_any, nonsurgical_lp",Airway obstruction alone is not a sufficient criterion to contraindicate non-surgical organ preservation treatment.
S22,statement,22,22,22,Radiotherapy and chemotherapy,4,IV,94.0,first,True,recommendation,True,1,"tlm, ophl_any","surgical_lp, larynx_preservation_any","For cT2N0 cancer of the larynx or hypopharynx that is unsuitable for transoral laser microsurgery and open partial horizontal laryngectomy, radiotherapy is an adequate treatment option."
S23R,statement,23,23,23,Radiotherapy and chemotherapy,4,IV,95.7,second,True,contextual_selection,True,1,rt_accelerated,"nonsurgical_lp, larynx_preservation_any","For cT2N0 laryngeal cancer treated with radiotherapy, accelerated or hyperfractionated radiotherapy might be favoured in the case of reduced cord mobility."
S24R,statement,24,24,24,Radiotherapy and chemotherapy,4,IV,88.3,second,True,relative_contraindication,True,1,ophl_any,"nonsurgical_lp, surgical_lp, larynx_preservation_any","High nodal burden (ie, cN2 or higher) is a relative contraindication for partial laryngectomy. Non-surgical treatment with a combination of chemotherapy and radiation should be preferred in these cases."
S25-S26R,statement,25–26,25,26,Radiotherapy and chemotherapy,4,IV,95.0,second,True,response_adapted,True,5,"concurrent_crt, ict_rt","nonsurgical_lp, larynx_preservation_any","In the case of non-T4 laryngeal cancer with nodal involvement for which a non-surgical treatment strategy is indicated, the choice of the treatment could vary between concurrent chemoradiation or induction chemotherapy followed by radiation in case of response. The following criteria should be considered for a tailored choice: burden of nodal disease, T category, foreseen acute and late toxicities of the two different regimens, patient’s functionality, and patient’s preference."
S27,statement,27,27,27,Radiotherapy and chemotherapy,4,IV,96.8,first,True,exception,True,1,concurrent_crt,"nonsurgical_lp, larynx_preservation_any",Involvement of the inner cortex of thyroid cartilage is not a contraindication to chemoradiation in cT3 glottic cancers.
S28,statement,28,28,28,Radiotherapy and chemotherapy,4,IV,92.2,first,True,contextual_selection,True,1,concurrent_crt,"larynx_preservation_any, nonsurgical_lp","For cT3 cancers, concomitant chemoradiation yields the highest laryngeal preservation rate among non-surgical strategies."
S29R,statement,29,29,29,Radiotherapy and chemotherapy,4,IV,81.7,first,True,contextual_selection,True,1,"total_laryngectomy, concurrent_crt, ict_rt","nonsurgical_lp, larynx_preservation_any",Concomitant chemoradiation for cT3 laryngeal cancer has been associated with increased non-cancer-related mortality in the long term when compared with other therapeutic strategies such as total laryngectomy and induction chemotherapy-based treatment.
S30,statement,30,30,30,Radiotherapy and chemotherapy,4,I,95.2,first,True,contextual_selection,True,1,"ict_rt, nonsurgical_lp","larynx_preservation_any, nonsurgical_lp",Induction chemotherapy could be used to select patients for organ preservation protocols in cT3 laryngeal and hypopharyngeal cancer.
S31R,statement,31,31,31,Radiotherapy and chemotherapy,4,III,95.0,second,True,response_adapted,True,1,"concurrent_crt, ict_rt, rt_alone","nonsurgical_lp, larynx_preservation_any","In the case of complete response and normal vocal cord mobilisation after induction chemotherapy in laryngeal or hypopharyngeal cancer, the subsequent treatment should be radiotherapy alone (ie, not concomitant chemoradiotherapy)."
S32,statement,32,32,32,Radiotherapy and chemotherapy,4,V,88.7,first,True,contextual_selection,True,1,"ophl_any, ict_rt","larynx_preservation_any, surgical_lp, nonsurgical_lp","Induction chemotherapy before organ preservation surgery (eg, open partial horizontal laryngectomy) is not recommended outside of a clinical trial."
S33,statement,33,33,33,Radiotherapy and chemotherapy,4,II,92.7,first,True,contextual_selection,True,1,cetuximab_concurrent,"nonsurgical_lp, larynx_preservation_any","The addition of cetuximab to the docetaxel, cisplatin, and fluorouracil induction regimen is not recommended."
S34R,statement,34,34,34,Radiotherapy and chemotherapy,4,IV,97.0,first,True,contextual_selection,True,1,"concurrent_crt, ict_rt","nonsurgical_lp, larynx_preservation_any","For locally advanced laryngeal or hypopharyngeal carcinoma (stage IV) treated with concomitant chemoradiotherapy or induction chemotherapy followed up by radiotherapy, neck dissection should be performed in cases where residual disease is identified on evaluation with 18F-FDG-PET."
S35R,statement,35,35,35,Radiotherapy and chemotherapy,4,IV,86.7,second,True,contextual_selection,True,1,ophl_any,"surgical_lp, larynx_preservation_any","In patients with pT3N0 laryngeal cancer who have undergone open partial horizontal laryngectomy with negative margins and did not show risk factors such as perineural invasion and lymphovascular invasion, avoidance of adjuvant radiation therapy should be considered."
S36R,statement,36,36,36,Radiotherapy and chemotherapy,4,IV,93.3,second,True,recommendation,True,4,"tlm, concurrent_crt","surgical_lp, nonsurgical_lp, larynx_preservation_any","Adjuvant radiotherapy or chemoradiotherapy following transoral laser microsurgery for locally advanced laryngeal tumours might increase local control while mildly and slowly reducing functional outcomes. It can be considered in very selected cases: more than 1 nodal metastasis, perineural or lymphovascular invasion, and unintentionally positive or uncertain deep margins, unsuitable for redo surgery."
S37R,statement,37,37,37,Radiotherapy and chemotherapy,4,IV,96.9,first,True,contextual_selection,True,5,ict_rt,"nonsurgical_lp, larynx_preservation_any","When induction chemotherapy is administered, response to treatment should be defined considering the following elements: a change in symptoms, endoscopic appearance, contrast-enhanced morphological imaging (CT, MRI, or both) and, optionally, metabolic modification evaluated through 18F-FDG-PET."
S38R,statement,38,38,38,Indications for T4a cancer,5,III–IV,98.6,first,True,recommendation,True,1,total_laryngectomy,,The treatment of choice for cT4a laryngeal cancer with significant extralaryngeal or extensive subglottic involvement is total laryngectomy followed by adjuvant treatment (radiotherapy with or without chemotherapy).
S39R,statement,39,39,39,Indications for T4a cancer,5,III,100.0,second,True,absolute_contraindication,True,1,nonsurgical_lp,"larynx_preservation_any, nonsurgical_lp","In high-volume cT4a laryngeal SCC, significant extralaryngeal extension, substantial loss of laryngeal function at presentation, or both are contraindications to surgical and non-surgical organ preservation treatment. Non-surgical preservation can be considered only in patients who decline total laryngectomy provided that they are extensively informed about the inferior oncological outcome and the higher risk of toxic effects."
S40R,statement,40,40,40,Indications for T4a cancer,5,III–IV,93.8,first,True,contextual_selection,True,2,total_laryngectomy,"nonsurgical_lp, larynx_preservation_any","Overall, total laryngectomy with adjuvant treatment (radiotherapy with or without chemotherapy) confers longer survival, better functional outcomes, and better quality of life than non-surgical treatment in patients affected by unselected cT4a laryngeal SCC (LoE: III). However, equal outcomes are achievable through organ-preserving treatments in carefully selected patients with preserved laryngeal function and minimal anterior extra-laryngeal extension."
S41R,statement,41,41,41,Indications for T4a cancer,5,II,100.0,second,True,contextual_selection,True,1,,"larynx_preservation_any, nonsurgical_lp",Cartilage invasion through the outer cortex is associated with an increased risk of adverse events and poorer functional and survival outcomes in patients with laryngeal squamous cell carcinoma treated with non-surgical organ conservation protocols.
S42R,statement,42,42,42,Indications for T4a cancer,5,III,95.2,first,True,absolute_contraindication,True,1,total_laryngectomy,"nonsurgical_lp, larynx_preservation_any","In patients affected by cT4a laryngeal cancer and who are unfit for chemotherapy or with substantial airway obstruction, a need for pre-treatment tracheostomy, base of tongue infiltration, cricoid cartilage infiltration, full-thickness thyroid cartilage infiltration, or clinical evidence of a dysfunctional larynx, non-surgical treatment is associated with poorer survival compared with total laryngectomy followed by adjuvant treatment."
S43,statement,43,43,43,Indications for T4a cancer,5,IV,90.3,first,True,selection_factor,True,1,,"larynx_preservation_any, nonsurgical_lp","Non-surgical treatments result in lower rates of organ preservation and overall survival for hypopharyngeal cT4a cancers compared with cT4a laryngeal cancers, assuming that other variables remain unchanged."
S44R,statement,44,44,44,Indications for T4a cancer,5,IV,96.9,second,True,contextual_selection,True,1,,larynx_preservation_any,"Clinical data such as nutritional status, number and severity of unhealthy habits (eg, smoking and alcohol), performance status (eg, Eastern Cooperative Oncology Group performance scale), patient’s frailty, and social and family support should be taken into account when considering organ preservation treatments, particularly in patients affected by cT4a laryngeal cancer."
S45,statement,45,45,45,Indications for T4a cancer,5,IV,100.0,first,True,absolute_contraindication,True,1,tlm,"surgical_lp, larynx_preservation_any",cT4 laryngeal SCC represents an absolute contraindication to transoral laser microsurgery.
S46,statement,46,46,46,Indications for T4a cancer,5,IV,87.5,first,True,contextual_selection,True,1,ophl_any,"surgical_lp, larynx_preservation_any","In fit patients with cT4aN0 or cT4aN1 glottic SCC with minimal anterior extra-laryngeal extension and no extension posterior to the magic plane, open partial horizontal laryngectomy with neck dissection is a potential option."
S48,statement,48,48,48,Indications for T4a cancer,5,IV,91.9,first,True,contextual_selection,True,1,"ophl_any, concurrent_crt","surgical_lp, nonsurgical_lp, larynx_preservation_any","Adding adjuvant treatment (radiotherapy or chemoradiation) after open partial horizontal laryngectomy reduces the functional outcomes, increasing the likelihood of requiring long-term or permanent tracheostomy or gastrostomy."
S49R,statement,49,49,49,Indications for T4a cancer,5,IV,93.5,second,True,contextual_selection,True,1,nonsurgical_lp,"larynx_preservation_any, nonsurgical_lp","There are very few indications for a non-surgical organ preservation approach in cT4a laryngeal tumour. These indications are minimal extralaryngeal extension, low-burden cartilage invasion, and a functional larynx."
S52R,statement,52,52,52,Indications for T4a cancer,5,I–II,94.1,second,True,contextual_selection,True,2,"cetuximab_concurrent, carboplatin_5fu","nonsurgical_lp, larynx_preservation_any","The most active concurrent chemotherapy to be used with radiation is cisplatin, up to a total dose of 300 mg/m 2. If the patient is not eligible for cisplatin (in any schedule), cetuximab (LoE: I), or carboplatin and fluorouracil (LoE: II) could be suggested as an alternative."
S53R,statement,53,53,53,Indications for T4a cancer,5,IV,89.4,second,True,recommendation,True,1,rt_accelerated,"nonsurgical_lp, larynx_preservation_any","In cT4a laryngeal cancer treated through radiotherapy without concurrent chemotherapy, accelerated or hyperfractionated radiotherapy might be preferred after accounting for toxicity."
S55R,statement,55,55,55,Indications for T4a cancer,5,III,90.3,first,True,contextual_selection,True,1,"ict_rt, nonsurgical_lp","larynx_preservation_any, nonsurgical_lp","Patients affected by cT4a laryngeal or hypopharyngeal cancers that respond (ie, partial response >50% or complete response) to induction chemotherapy are eligible for non-surgical organ preservation treatment."
S47R,statement,47,47,47,Indications for T4a cancer,6,IV,61.4,second,False,recommendation,True,1,ophl_any,"surgical_lp, larynx_preservation_any","In patients who received margin-negative open partial horizontal laryngectomy for a pT4aN0 laryngeal cancer with T category exclusively determined by minimal anterior extralaryngeal extension and no perineural or lymphovascular invasion, avoidance of adjuvant radiotherapy with strict endoscopic and radiological follow-up can be considered."
S50,statement,50,50,50,Indications for T4a cancer,6,V,67.2,first,False,recommendation,True,1,"concurrent_crt, ict_rt","nonsurgical_lp, larynx_preservation_any","For a cT4a larynx cancer for which non-surgical treatment is indicated, concurrent chemoradiation should be performed over induction chemotherapy."
S51,statement,51,51,51,Indications for T4a cancer,6,IV,46.7,first,False,recommendation,True,1,"concurrent_crt, ict_rt","nonsurgical_lp, larynx_preservation_any","For a cT4a larynx cancer for which a non-surgical treatment strategy is adopted, induction chemotherapy followed up by radiation should be performed over concurrent chemoradiation."
S54,statement,54,54,54,Indications for T4a cancer,6,III,45.7,first,False,recommendation,True,1,,"nonsurgical_lp, larynx_preservation_any","For a cT4a larynx cancer for which non-surgical treatment is indicated, dose-escalation of radiotherapy is recommended."
S66,statement,66,66,66,Laryngeal function at baseline,6,V,66.2,first,False,contextual_selection,True,1,,larynx_preservation_any,"The pretreatment assessment of patients who are being considered for larynx-preservation treatment should include voice evaluation through a validated method (eg, Voice Handicap Index-10)."
S70,statement,70,70,70,Which comorbidities are contraindications and to what extent?,6,V,75.0,first,False,relative_contraindication,True,1,,,Two or more relative contraindications to cisplatin mean an absolute contraindication for cisplatin.
S82,statement,82,82,82,Organ preservation in older patients: selection criteria,6,IV,61.5,first,False,contextual_selection,True,1,"tlm, ophl_any, surgical_lp","surgical_lp, larynx_preservation_any","Post-operative radiotherapy should be performed in the same hospital where conservative laryngeal surgery (transoral laser microsurgery or open partial horizontal laryngectomy) took place, particularly for patients aged >65 years."
S95,statement,95,95,95,Post-treatment surveillance,6,IV,64.1,first,False,non_decisional,False,1,,,Early detection of a distant relapse on imaging does not lead to better overall survival in asymptomatic patients.
S97,statement,97,97,97,Post-treatment surveillance,6,IV,63.5,first,False,non_decisional,False,1,,,Scheduled referral of asymptomatic patients does not lead to better survival outcomes compared with a self-referral of symptomatic patients.
S117,statement,117,117,117,Prognostic and predictive factors,6,IV,67.2,first,False,response_adapted,True,1,"total_laryngectomy, ict_rt","nonsurgical_lp, larynx_preservation_any",Response to induction chemotherapy classified according to the change in tumour volume predicts laryngectomy-free survival better than bidimensional assessment.
S118,statement,118,118,118,Prognostic and predictive factors,6,III,77.4,first,False,contextual_selection,True,1,"total_laryngectomy, ict_rt","nonsurgical_lp, larynx_preservation_any",The choice between a conservative non-surgical approach vs total laryngectomy might be made also in a dynamic way by considering the early response after one cycle of induction chemotherapy.
SA6,additional_statement,6,6,6,Prognostic and predictive factors,6,II,67.2,second,False,response_adapted,True,1,"ict_rt, rt_alone","nonsurgical_lp, larynx_preservation_any","In patients with laryngeal cancer who have a partial response after induction chemotherapy, subsequent curative treatment should entail radiotherapy alone (without concomitant chemotherapy)."
S137,statement,137,137,137,Prehabilitation and rehabilitation,6,V,74.6,first,False,contextual_selection,True,1,ict_rt,"nonsurgical_lp, larynx_preservation_any","Induction chemotherapy in patients with laryngeal or hypopharyngeal cancer has the advantage of allowing them to start early prehabilitation (physical therapy, nutritional assessment and support, and psychological support). This strategy might lead to an improvement in functional capability that allows them to tolerate a curative radiation treatment."
S56,statement,56,56,56,Indications for salvage organ preservation surgery after radiotherapy or chemoradiotherapy failure,7,V,84.4,first,True,contextual_selection,True,1,concurrent_crt,"larynx_preservation_any, nonsurgical_lp","In the case of organ preservation salvage surgery after radiotherapy or chemoradiotherapy failure, functional swallowing should be preserved."
S57,statement,57,57,57,Indications for salvage organ preservation surgery after radiotherapy or chemoradiotherapy failure,7,IV,100.0,first,True,non_decisional,False,1,,,Any salvage surgical preservation strategy should aim at achieving negative margins.
S58R,statement,58,58,58,Indications for salvage organ preservation surgery after radiotherapy or chemoradiotherapy failure,7,V,93.8,first,True,non_decisional,False,1,,,Indications to salvage organ-preservation surgery should take into account the expected laryngeal function following tissue resection.
S59,statement,59,59,59,Indications for salvage organ preservation surgery after radiotherapy or chemoradiotherapy failure,7,IV,89.8,first,True,absolute_contraindication,True,1,tlm,"surgical_lp, larynx_preservation_any",Transoral laser microsurgery is contraindicated in rT3 laryngo-pharyngeal tumours due to lower local control and functional outcomes compared with open surgery.
S60R,statement,60,60,60,Indications for salvage organ preservation surgery after radiotherapy or chemoradiotherapy failure,7,IV,96.3,second,True,recommendation,True,1,"ophl_any, concurrent_crt","surgical_lp, nonsurgical_lp, larynx_preservation_any","In well selected patients affected by rT1–3 laryngeal cancer, open partial horizontal laryngectomy might be considered as salvage surgery after radiotherapy or chemoradiotherapy. Selection should include rigorous and objective swallowing assessment that excludes relevant pharyngo–laryngeal dysfunction."
S61R,statement,61,61,61,Indications for salvage organ preservation surgery after radiotherapy or chemoradiotherapy failure,7,IV,98.1,third,True,recommendation,True,1,tlm,"surgical_lp, larynx_preservation_any","In well selected patients affected by rT1–2 laryngeal cancer with no anterior commissure involvement extension, transoral laser microsurgery might be considered as salvage surgery after no response to radiotherapy."
S92R,statement,92,92,92,Post-treatment surveillance,7,V,95.1,second,True,non_decisional,False,1,,larynx_preservation_any,"Swallowing should be regularly assessed in patients who received a larynx-preservation treatment. Fiberoptic endoscopic evaluation of swallowing and videofluoroscopic swallowing study are both valuable methods to assess deglutition. Instrumental tests should be rated using validated tools (eg, Modified Barium Swallowing Study Tool, DIGEST, and DIGEST for Flexible Endoscopic Evaluation of Swallowing). The use of the same validated questionnaires used at baseline to collect patient-reported outcome measures is also suggested (eg, MD Anderson Dysphagia Inventory or Sydney Swallow Questionnaire). The timing of the assessment should mirror the timing of the clinical evaluation."
S93R,statement,93,93,93,Post-treatment surveillance,7,V,96.8,second,True,non_decisional,False,1,,larynx_preservation_any,"A speech and language therapist, phoniatrician or ear, nose, and throat doctor with phoniatrics expertise should ideally take part in the follow-up of patients who received a larynx-preservation treatment to periodically assess the voice outcome through validated methods (eg, Voice Handicap Index-10)."
S94R,statement,94,94,94,Post-treatment surveillance,7,III,98.5,first,True,non_decisional,False,1,,larynx_preservation_any,"Nutritional status should be regularly assessed in patients who received a larynx-preservation treatment. Weight, BMI, and food habits are the minimal nutritional aspects that need to be considered at each clinical evaluation in the follow-up."
S96R2,statement,96,96,96,Post-treatment surveillance,7,IV,98.5,third,True,non_decisional,False,1,,larynx_preservation_any,"There is currently no convincing evidence that an intensive follow-up in terms of clinical visits translates into better overall survival of patients treated with larynx-preservation strategies. However, close follow-up might allow for early detection of toxic effects, low-burden recurrent or metastatic disease, or psychosocial problems."
S98,statement,98,98,98,Post-treatment surveillance,7,V,89.2,first,True,non_decisional,False,1,,,"In comparison with a self-referral of patients who are symptomatic, scheduled referral of patients who are asymptomatic offers advantages such as enhanced identification and handling of late toxicity. It also allows for the comprehensive addressing of various quality-of-life issues spanning physical, functional, psychological, and psychosocial domains."
S99,statement,99,99,99,Post-treatment surveillance,7,IV,100.0,first,True,non_decisional,False,1,,larynx_preservation_any,Thyroid function should be monitored through measuring thyroid-stimulating hormone every 6 to 12 months in patients who received neck irradiation in the context of a larynx-preservation treatment.
S100R,statement,100,100,100,Post-treatment surveillance,7,V,92.4,first,True,non_decisional,False,1,,,"Clinical surveillance for larynx or hypopharynx cancer survivors should occur at least four times during the first year, at least three times during the second year, and at least twice from the third to the fifth year, personalising the schedule based on cancer stage and the patient’s symptoms."
S101,statement,101,101,101,Post-treatment surveillance,7,V,86.6,first,True,non_decisional,False,1,,,"A follow-up for up to 10 years is controversial, but it is generally recommended because of the potential late onset of recurrences, second tumours, therapy-related complications, depression, and anxiety."
S102,statement,102,102,102,Post-treatment surveillance,7,II,82.0,first,True,non_decisional,False,1,,larynx_preservation_any,"Neck imaging reporting and data systems should be adopted to guide imaging interpretation, timing, and selection of the appropriate modality during surveillance of patients who received a larynx-preservation treatment."
S103,statement,103,103,103,Post-treatment surveillance,7,V,100.0,first,True,non_decisional,False,1,,,All health-care providers should proactively encourage their patients to stop using tobacco products and advise against alcohol consumption at the time of referral and all throughout follow-up.
S104,statement,104,104,104,Post-treatment surveillance,7,I,91.3,first,True,non_decisional,False,1,,larynx_preservation_any,"Low-dose non-contrast-enhanced CT scan of the thorax should be incorporated in the long-term follow-up (ie, beyond five years) of patients with a history of 20 pack-years of smoking who received a larynx-preservation treatment, to reduce lung cancer-specific mortality."
S105,statement,105,105,105,Post-treatment surveillance,7,I,95.5,first,True,recommendation,True,1,,larynx_preservation_any,"In view of the peculiar oncological and functional implications of larynx-preservation treatment, a scheduled surveillance should be preferred over a symptom-based referral."
S106R,statement,106,106,106,Post-treatment surveillance,7,IV,97.1,first,True,non_decisional,False,1,,larynx_preservation_any,"Close surveillance is recommended after larynx-preservation treatment, since the early detection of a persisting or recurrent laryngeal or hypopharyngeal cancer might prompt the indication to salvage treatment. Salvage treatment leads to higher cure rates than for other head and neck subsites."
S107R,statement,107,107,107,Post-treatment surveillance,7,II,95.5,first,True,non_decisional,False,1,,larynx_preservation_any,"Swallowing exercises should be recommended before, during, and after larynx-preservation treatment."
S108,statement,108,108,108,Post-treatment surveillance,7,V,88.6,first,True,non_decisional,False,1,,larynx_preservation_any,"A holistic, multidimensional post-treatment surveillance is recommended for patients who receive larynx-preservation treatment."
S109R,statement,109,109,109,Post-treatment surveillance,7,IV,93.5,first,True,non_decisional,False,1,,,"Office-based endoscopy of the upper aerodigestive tract, preferably integrated with video recording, image storage, and bioendoscopy is an indispensable clinical tool for patient follow-up."
S110R,statement,110,110,110,Post-treatment surveillance,7,IV,83.3,first,True,recommendation,True,1,"tlm, ophl_any","surgical_lp, larynx_preservation_any","Multimodal follow-up including neck ultrasound, MRI (with diffusion-weighted imaging), or contrast-enhanced CT is indicated when there is a moderate-to-high risk of locoregional recurrence after transoral laser microsurgery or open partial horizontal laryngectomy for glottic and supraglottic cancers."
S111R,statement,111,111,111,Prognostic and predictive factors,8,IV,98.5,first,True,selection_factor,True,1,,larynx_preservation_any,"Performance status, comorbidities, and tumour-node-metastasis stage have prognostic significance for overall survival in laryngeal and hypopharyngeal cancer treated with larynx-preservation strategies."
S112,statement,112,112,112,Prognostic and predictive factors,8,IV,96.9,first,True,selection_factor,True,1,,larynx_preservation_any,"Tumour stage, volume of primary and nodal disease, comorbidities, hypopharyngeal origin, and tumour metabolic activity have been associated with progression-free survival and laryngeal preservation."
S113,statement,113,113,113,Prognostic and predictive factors,8,IV,83.1,first,True,non_decisional,False,1,,,"When looking at circulating biomarkers, high neutrophil and monocyte count, low lymphocyte count, and low haemoglobin concentration at baseline are associated with worse overall and disease-free survival. Similarly, low albumin concentration in serum, as an expression of poor nutritional status, has the same prognostic value as the other biomarkers just mentioned. The Host Index, which summarises all these biomarkers, could be used as an additional prognostic factor."
S114,statement,114,114,114,Prognostic and predictive factors,8,IV,80.7,first,True,non_decisional,False,1,,,"The TALK score (based on T stage, serum albumin, maximum alcohol use, and Karnofsky performance status) is an easily applied tool that establishes a prognostic gradient concerning larynx non-surgical preservation outcomes."
S115,statement,115,115,115,Prognostic and predictive factors,8,III,98.5,first,True,selection_factor,True,1,,"larynx_preservation_any, nonsurgical_lp, surgical_lp","Having an impaired pharyngolaryngeal functional status (tumour-related dysphagia requiring feeding tube, or recurring pneumonia within 12 months requiring hospitalisation) or a tracheostomy before non-surgical larynx-preservation treatments are associated with poor functional outcomes."
S116,statement,116,116,116,Prognostic and predictive factors,8,II,94.0,first,True,response_adapted,True,1,ict_rt,"larynx_preservation_any, nonsurgical_lp, surgical_lp","Response to induction chemotherapy (complete or partial response) allows for the appropriate selection of patients who might benefit from non-surgical laryngeal preservation strategy. The evaluation of response to induction chemotherapy should take into account both clinical assessment (ie, symptoms and endoscopic findings) and morphological imaging (ie, contrast-enhanced CT, MRI, or both). Metabolic imaging (ie, PET–CT) might be useful to complete the evaluation, if feasible. A radiological response of at least 50% is considered a favourable prognostic factor and a predictor of response for non-surgical larynx-preservation treatment."
S119R,statement,119,119,119,Prognostic and predictive factors,8,III,93.0,second,True,contextual_selection,True,1,"ict_rt, rt_alone","nonsurgical_lp, larynx_preservation_any","In the case of vocal cord fixation, larynx remobilisation is associated with functional larynx preservation after definitive radiotherapy in organ-preservation protocols that include induction chemotherapy."
S120R,statement,120,120,120,Prognostic and predictive factors,8,II,96.7,second,True,response_adapted,True,1,"ict_rt, rt_alone","nonsurgical_lp, larynx_preservation_any","In patients with laryngeal cancer who have a complete response after induction chemotherapy, subsequent curative treatment should entail radiotherapy alone (without concomitant chemotherapy)."
S121R,statement,121,121,121,Prognostic and predictive factors,8,IV,81.7,second,True,response_adapted,True,1,ict_rt,"nonsurgical_lp, larynx_preservation_any",Subsequent curative treatment with radiotherapy and concomitant platinum-based chemotherapy is indicated for patients with stable disease after induction chemotherapy who refuse total laryngectomy.
S122R,statement,122,122,122,Prognostic and predictive factors,8,IV,87.2,first,True,recommendation,True,1,"tlm, tors, ophl_any, surgical_lp","surgical_lp, larynx_preservation_any","A margin of at least 2 mm of uninvolved tissue at pathological evaluation indicates adequate surgical ablation in patients who received conservative laryngeal surgery (transoral laser microsurgery, open partial horizontal laryngectomy, or transoral robotic surgery). Since the shrinkage of intra laryngeal and perilaryngeal soft tissues that follows excision and histological processing determines about 30% of reduction in diameter, a clinical margin of at least 3 mm should be planned preoperatively and delineated intraoperatively when conservative laryngeal surgery is indicated."
SA7,additional_statement,7,7,7,Prognostic and predictive factors,8,IV,96.7,second,True,non_decisional,False,1,,,"The definition of adequate pathological and clinical margins might change slightly according to the involvement of different subsites of the larynx (ie, the threshold might be lower for glottic cancer compared with supraglottic cancer)."
SA8,additional_statement,8,8,8,Prognostic and predictive factors,8,IV,87.2,second,True,contextual_selection,True,1,"tlm, tors","surgical_lp, larynx_preservation_any","The definition of adequate pathological and clinical margins might change slightly according to the technique used to perform ablation (ie, the threshold might be lower for transoral techniques [transoral laser microsurgery and transoral robotic surgery] compared with open surgery)."
S123R,statement,123,123,123,Prognostic and predictive factors,8,IV,95.3,second,True,absolute_contraindication,True,1,surgical_lp,"surgical_lp, larynx_preservation_any","If the planned surgical ablation has no chances of providing an adequate clinical margin, then conservative laryngeal surgery is contraindicated."
S138R2,statement,138,138,138,Cost-effectiveness of different laryngeal preservation approaches,8,IV,96.9,third,True,recommendation,True,1,"total_laryngectomy, nonsurgical_lp, surgical_lp","larynx_preservation_any, nonsurgical_lp, surgical_lp","In countries with lower health-care budgets and fewer facilities, total laryngectomy might be preferred over non-surgical larynx preservation approaches due to a better cost-effectiveness profile. When local resources reduce the feasibility of organ preservation strategies, each patient should be informed about larynx preservation treatments that can be delivered elsewhere."
S139R,statement,139,139,139,Cost-effectiveness of different laryngeal preservation approaches,8,III,81.2,first,True,non_decisional,False,1,,,"Financial toxicity represents a relevant patient-reported outcome in patients with cancer and specifically in those affected by laryngeal or hypopharyngeal cancer. Therefore, each patient should be informed of the effect of available treatments not only in terms of survival outcomes, but also in terms of financial toxicity."
S140R,statement,140,140,140,Cost-effectiveness of different laryngeal preservation approaches,8,II,98.5,first,True,recommendation,True,1,total_laryngectomy,,Voice rehabilitation should be offered to patients who underwent total laryngectomy.
S141,statement,141,141,141,Cost-effectiveness of different laryngeal preservation approaches,8,V,95.5,first,True,non_decisional,False,1,,,"Tailoring the treatment for locally advanced laryngeal and hypopharyngeal carcinoma might also translate into an increase of functional results. It is imperative that any new trial in this setting studies functional outcome, and also quality-of-life parameters and the consequent effect on financial toxicity. Health-care and non-health-care resource consumption, productivity losses, and health-related quality of life need to be assessed with validated questionnaires."
S62,statement,62,62,62,Laryngeal function at baseline,10,III,92.5,first,True,contextual_selection,True,1,,larynx_preservation_any,An instrumental swallowing assessment should be performed to exclude swallowing impairment unrelated to the tumour before indicating an organ preservation treatment.
S63,statement,63,63,63,Laryngeal function at baseline,10,III,93.5,first,True,non_decisional,False,1,,,Fibreoptic endoscopic evaluation of swallowing and videofluoroscopic swallowing studies are both valuable methods to assess swallowing in patients suitable for laryngeal-preservation treatment.
S64R,statement,64,64,64,Laryngeal function at baseline,10,IV,96.7,second,True,contextual_selection,True,1,,larynx_preservation_any,"Hypopharyngeal–laryngeal function assessment before organ preservation treatment should include patient-reported outcome measures using a validated questionnaire, such as the MD Anderson Dysphagia Inventory or Sydney Swallow Questionnaire, especially when the patient reports dysphagia."
S65,statement,65,65,65,Laryngeal function at baseline,10,IV,96.9,first,True,selection_factor,True,1,,,Impaired pharyngolaryngeal functional status and tracheostomy before any larynx preservation protocol are associated with poor functional outcomes.
S67,statement,67,67,67,Which comorbidities are contraindications and to what extent?,10,V,93.8,first,True,absolute_contraindication,True,1,"concurrent_crt, ict_rt","larynx_preservation_any, nonsurgical_lp",Patients unfit for chemotherapy are not suitable candidates for induction chemotherapy-based or chemoradiation-based approaches for laryngeal preservation.
S68R,statement,68,68,68,Which comorbidities are contraindications and to what extent?,10,V,100.0,second,True,absolute_contraindication,True,15,"ict_rt, cisplatin_high_dose","nonsurgical_lp, larynx_preservation_any","Absolute contraindications to high-dose cisplatin-based chemotherapy (administered as induction chemotherapy or concurrent treatment) include: any comorbidity that independently results in an ECOG performance status of 2 or more, renal failure (defined as a creatinine clearance <50 mL/min), grade ≥2 neurological disorders (diabetic neuropathy, peripheral sensory neuropathy, orthostatic hypotension, Lhermitte’s sign, seizures, and focal encephalopathy), pregnancy or lactation, child-Pugh B or C liver disease, grade >2 bone marrow disorders (haemoglobin level under 8 g/dL; neutrophil count <1000 cells per µL or platelet count < 100 000 cells per µL), congestive heart failure class III or IV according to the New York Heart Association despite cardiovascular optimisation therapy, congestive heart failure NYHA class I or II with left ventricular ejection fraction equal to or under 50%, uncontrolled chronic viral HBV or HCV infection without antiviral treatment, HIV infection with a CD4 cell count <200 cells per µL, detectable viral load, and AIDS, hypersensitivity to platinum-based therapy, severe psychiatric disorders interfering with treatment compliance, and uncontrolled insulin-dependent diabetes."
S69R,statement,69,69,69,Which comorbidities are contraindications and to what extent?,10,V,91.5,first,True,relative_contraindication,True,11,"ict_rt, cisplatin_high_dose","nonsurgical_lp, larynx_preservation_any","Relative contraindications to high-dose cisplatin-based chemotherapy (administered as induction chemotherapy or concurrent treatment) include: reatinine clearance of 50–60 mL/min, grade >1 hearing or neurological disorders, grade 2 bone marrow, liver, and lung disorders, previous heart disease, diabetes, recurrent pulmonary infections, concomitant use of nephrotoxic drugs, HIV infection with CD4 cell count 200–350 cells per µL, and impaired social and economic support."
S71R,statement,71,71,71,Which comorbidities are contraindications and to what extent?,10,V,100.0,second,True,relative_contraindication,True,1,,,"To evaluate both absolute and relative contraindications to administering cisplatin, every patient considered for cisplatin treatment should undergo a blood test including a complete blood count, renal and liver function, audiometry, and nutritional status evaluation. Other tests that might be useful to evaluate patients are serology for hepatitis B and C, HIV, and, in patients with a previous history of cardiac or pulmonary comorbidities, left ventricular ejection fraction (echocardiogram or multigated acquisition scan) and lung function (spirometry)."
S72R,statement,72,72,72,Which comorbidities are contraindications and to what extent?,10,II,90.4,second,True,fallback_option,True,1,"cetuximab_concurrent, carboplatin_5fu","nonsurgical_lp, larynx_preservation_any",Carboplatin-based treatment or cetuximab can be considered as concurrent treatment in patients unfit for any schedule of cisplatin-based chemotherapy who refuse total laryngectomy.
S73R,statement,73,73,73,Which comorbidities are contraindications and to what extent?,10,II,98.1,second,True,fallback_option,True,1,"concurrent_crt, rt_accelerated, rt_alone","nonsurgical_lp, larynx_preservation_any","For patients unfit for any systemic treatment who decline total laryngectomy , hyperfractionated or accelerated radiotherapy alone could be offered. Due to the expected lower oncological outcome compared with the two validated chemoradiation approaches, careful follow-up is suggested to avoid delay in salvage surgery."
S74R,statement,74,74,74,Which comorbidities are contraindications and to what extent?,10,IV,94.5,second,True,relative_contraindication,True,1,,"nonsurgical_lp, surgical_lp, larynx_preservation_any","Gene repair disorders (ie, xeroderma pigmentosum, ataxia-telangiectasia, and Fanconi anaemia) preclude a non-surgical larynx-preservation approach; previous radiotherapy to the neck is a relative contraindication depending on previous doses, volumes, and time elapsed from treatment."
S75R,statement,75,75,75,Which comorbidities are contraindications and to what extent?,10,V,95.2,second,True,relative_contraindication,True,1,,larynx_preservation_any,Neurodegenerative and neuromuscular diseases potentially affecting swallowing and respiratory functions might be a contraindication to larynx preservation treatments (surgical and non-surgical).
S76,statement,76,76,76,Which comorbidities are contraindications and to what extent?,10,III,95.2,first,True,contextual_selection,True,1,,larynx_preservation_any,"It is important to define pre-existing comorbidities (and their clinical effect) when making treatment decisions in the organ preservation setting. Since performance status is not reliable as a prognostic measure substitute for assessing comorbidities, different tools have been developed to measure and quantify patient comorbidities. Some of the more commonly used assessment tools are the Adult Comorbidity Evaluation-27 and the Charlson Comorbidity Index."
S77R,statement,77,77,77,Which comorbidities are contraindications and to what extent?,10,V,82.4,first,True,relative_contraindication,True,1,,larynx_preservation_any,"In patients with moderate comorbidities and an ECOG performance status of 2, it is crucial to distinguish whether the performace status is the result of tumour progression or the patient’s comorbidities. This differentiation is essential to determine the appropriate indication for cisplatin in laryngeal preservation. Specifically, if the performance scale of 2 is influenced by the disease itself, cisplatin could be indicated if there are no absolute or relative contraindications to cisplatin-based chemotherapy; and if the performance scale of 2 is influenced by comorbidities or toxicity due to previous treatments, cisplatin is contraindicated."
S78R,statement,78,78,78,Which comorbidities are contraindications and to what extent?,10,V,84.9,second,True,contextual_selection,True,1,cisplatin_high_dose,,"The cisplatin administration schedule (weekly vs every 3 weeks) does not influence the contraindications to cisplatin itself, except for patients with mild cardiac dysfunction who might not tolerate high-volume fluid administration that is required for high-dose cisplatin and for patients with mild baseline renal impairment (creatinine clearance 50–60 mL/min) or with hearing impairment (grade >1)."
S132R,statement,132,132,132,Prehabilitation and rehabilitation,11,V,94.0,first,True,contextual_selection,True,1,,larynx_preservation_any,"A speech therapist (ie, a medical or non-medical expert in voice, speech, and deglutition) should be involved in the pretreatment assessment of patients considered for larynx-preservation treatments."
S133R,statement,133,133,133,Prehabilitation and rehabilitation,11,II,96.8,second,True,contextual_selection,True,1,"tlm, ophl_any, surgical_lp","larynx_preservation_any, nonsurgical_lp, surgical_lp","Swallowing exercises that are indicated before, during, and after treatment in patients who receive conservative laryngeal surgery (transoral laser microsurgery or open partial horizontal laryngectomy) or non-surgical larynx-preservation treatment should be overseen by a speech therapist until the patient is deemed independent (ie, a medical or non-medical expert in voice, speech, and deglutition)."
S134R,statement,134,134,134,Prehabilitation and rehabilitation,11,II,87.7,first,True,contextual_selection,True,1,,larynx_preservation_any,Adherence to swallowing exercises in patients who underwent laryngeal preservation therapeutic strategies should be regularly checked.
S135R,statement,135,135,135,Prehabilitation and rehabilitation,11,III,93.3,first,True,contextual_selection,True,1,concurrent_crt,"nonsurgical_lp, larynx_preservation_any",Prophylactic swallowing exercises in patients undergoing radiotherapy or chemoradiotherapy for laryngeal or hypopharyngeal cancer should aim at strengthening the tongue muscles and those muscles that determine laryngeal elevation.
S136R,statement,136,136,136,Prehabilitation and rehabilitation,11,V,98.4,first,True,contextual_selection,True,1,"tlm, ophl_any, surgical_lp","surgical_lp, larynx_preservation_any","Rehabilitation (ie, exercises aimed at rehabilitating voice, speech, and swallowing) should be started as soon as possible after surgery in patients who undergo conservative laryngeal surgery (ie, transoral laser microsurgery and open partial horizontal laryngectomy)."
S79,statement,79,79,79,Organ preservation in older patients: selection criteria,12,IV,98.5,first,True,non_decisional,False,1,,,"As there is often a remarkable difference between biological and chronological age, it is essential to evaluate the global health status of older patients (≥70 years). This evaluation is particularly important in patients affected by laryngeal and hypopharyngeal cancers, due to the relevant consequences of treatment on the vital functions linked to these organs."
S80,statement,80,80,80,Organ preservation in older patients: selection criteria,12,IV,94.1,first,True,exception,True,1,,larynx_preservation_any,"Age itself is not a contraindication to surgical and non-surgical laryngeal preservation approaches. However, the common comorbidities and frailty associated with age might have a great effect on both treatment choice and outcome. Fit older patients (≥70 years) should be offered the same larynx-preservation strategies as their younger counterparts."
S81,statement,81,81,81,Organ preservation in older patients: selection criteria,12,III,97.1,first,True,contextual_selection,True,1,"nonsurgical_lp, surgical_lp","larynx_preservation_any, nonsurgical_lp, surgical_lp",Older patients (≥70 years) for whom a surgical or non-surgical larynx preservation treatment is hypothesised should be screened for frailty and comorbidities using validated tools.
S83,statement,83,83,83,Organ preservation in older patients: selection criteria,12,III,96.5,first,True,non_decisional,False,1,,,The standard reference to classify patients according to their frailty profile is the Comprehensive Geriatric Assessment. The G8 screening tool is useful to determine the need for a Comprehensive Geriatric Assessment. The Charlson Comorbidity Index and Adult Comorbidity Evaluation 27 are validated tools for the assessment of comorbidities in the head and neck cancer population.
S84,statement,84,84,84,Organ preservation in older patients: selection criteria,12,IV,98.5,first,True,selection_factor,True,1,,larynx_preservation_any,"Vulnerable and frail patients are at higher risk of treatment complications and face a higher risk of non-cancer-related death, due to comorbidities and treatment-induced toxic effects. Therefore, organ preservation strategies in this group of patients should be carefully weighed against the risks."
S85,statement,85,85,85,Organ preservation in older patients: selection criteria,12,IV,96.4,first,True,contextual_selection,True,1,"tlm, ophl_any","surgical_lp, larynx_preservation_any","In older patients (≥70 years) diagnosed with cT2N0–1 glottic or supraglottic cancer, both radiotherapy and transoral laser microsurgery (with neck dissection, if required) are viable treatment options. However, open partial horizontal laryngectomy should be considered only in older patients with favourable frailty and comorbidity profile."
S86R2,statement,86,86,86,Organ preservation in older patients: selection criteria,12,IV,81.8,third,True,contextual_selection,True,1,"tlm, tors","surgical_lp, larynx_preservation_any","In intermediate laryngeal cancers (cT2N0 and selected cT3N0 with neither of vocal cord fixation, arytenoid fixation, involvement of the posterior portion of the paraglottic space, and involvement of the cartilaginous framework), transoral laser microsurgery (for both glottic and supraglottic tumours) and transoral robotic surgery (for supraglottic tumours) are low-morbidity options in older patients, with favourable oncological and functional outcomes and short hospitalisation."
S87R,statement,87,87,87,Organ preservation in older patients: selection criteria,12,IV,84.9,second,True,contextual_selection,True,1,ophl_any,"surgical_lp, larynx_preservation_any","In patients ≥70 years deemed vulnerable by the Comprehensive Geriatric Assessment, open partial horizontal laryngectomy should be considered only if swallowing function is not impaired at preoperative assessment and both arytenoids can be preserved."
S88,statement,88,88,88,Organ preservation in older patients: selection criteria,12,IV,92.5,first,True,relative_contraindication,True,1,ophl_any,"surgical_lp, larynx_preservation_any","In patients aged ≥70 years, frailty (defined by the Comprehensive Geriatric Assessment) is a relative contraindication to open partial horizontal laryngectomy, even in the absence of severe neurological or cardio-respiratory comorbidities."
S89,statement,89,89,89,Organ preservation in older patients: selection criteria,12,IV,93.7,first,True,recommendation,True,1,"total_laryngectomy, ophl_any","surgical_lp, larynx_preservation_any","For older patients (aged ≥70 years) with advanced-stage laryngeal cancer (cT3, cT4a, or cN+) whose frailty or comorbidity profile precludes the use of systemic therapy and indication to open partial horizontal laryngectomy, total laryngectomy is the preferred option."
S90,statement,90,90,90,Organ preservation in older patients: selection criteria,12,I,87.5,first,True,non_decisional,False,1,,,"As there are no clear indications concerning reduced toxic effects in patients treated with weekly concomitant 40 mg/m 2 of cisplatin in respect to 100 mg/m² every 3 weeks, there is no best treatment schedule option for older fit patients."
S91R,statement,91,91,91,Organ preservation in older patients: selection criteria,12,V,94.2,second,True,relative_contraindication,True,1,,,"Older patients are more susceptible to developing more severe cisplatin-related ototoxicity. Therefore, hearing loss or tinnitus of grade >1 (CTCAE) is a relative contraindication for cisplatin administration in larynx-preservation protocols in older patients, and this should be discussed with the patient."
S124,statement,124,124,124,Listening to the patient’s preferences: tools and implementation,13,V,100.0,first,True,non_decisional,False,1,,,Ascertaining the attitude of patients that have been newly diagnosed with locally advanced laryngeal cancer towards their treatment journey should be a central factor in the communication with physicians.
S125R,statement,125,125,125,Listening to the patient’s preferences: tools and implementation,13,V,94.2,first,True,non_decisional,False,1,,,"The preferences of patients affected by laryngeal cancer should be thoroughly analysed by the treating multidisciplinary team, since a substantial proportion of patients might be willing to prefer quality over quantity of life (preserving normal or nearly normal speech at the cost of lower chances of survival)."
S126R,statement,126,126,126,Listening to the patient’s preferences: tools and implementation,13,V,97.1,first,True,non_decisional,False,1,,,The ability to swallow and keep a normal voice are the most important functional priorities for patients with laryngeal cancer. Priorities and attitudes influence how patients reflect on their choices regarding the management of laryngeal cancer. These priorities should be closely investigated and taken into consideration for every patient before recommending treatment options.
S127,statement,127,127,127,Listening to the patient’s preferences: tools and implementation,13,V,97.1,first,True,non_decisional,False,1,,,"There is a substantial absence of high-quality research in the field of patient preferences. Shared decision making in the care of patients with locally advanced laryngeal cancer should be implemented, taking into account the massive psychological implications that treatment strategies might affect the patient’s wellbeing."
S128,statement,128,128,128,Listening to the patient’s preferences: tools and implementation,13,V,97.0,first,True,recommendation,True,1,,,"Tools to assess the priorities of patients with locally advanced laryngeal cancer should be specifically developed. Areas of research should entail developing questionnaires with a specific focus on larynx-preservation through standardised methodology, validating and divulging specific patient decision aids to empower patients and their caregivers in the clinical decision making, and addressing treatment-decision-making dynamics via specific qualitative studies, as are already available for other head and neck subsites."
S129,statement,129,129,129,Listening to the patient’s preferences: tools and implementation,13,III,100.0,first,True,response_adapted,True,1,"total_laryngectomy, ict_rt","larynx_preservation_any, nonsurgical_lp","In cases of advanced disease (such as cT4a tumours with high-volume extralaryngeal extension) or no response to induction chemotherapy, the treating multidisciplinary team should be clear that larynx-preservation strategies have a reduced functional and survival outcome compared with total laryngectomy. Patients should undergo extensive counselling to be able to fully grasp the potential detrimental consequences of tentatively favouring quality over quantity of life when making a decision concerning treatment."
S130,statement,130,130,130,Listening to the patient’s preferences: tools and implementation,13,IV,93.8,first,True,non_decisional,False,1,,,"Patients with laryngeal cancer might have a high decisional conflict (uncertainty in the decision making process) that could expose them to more decisional regret and nervousness. At the same time, patients with laryngeal cancer have a high perception of shared decision making. Physicians should be aware of this, so as to propose the different treatment options in the most appropriate way."
S131,statement,131,131,131,Listening to the patient’s preferences: tools and implementation,13,V,98.6,first,True,non_decisional,False,1,,,"Patient-related factors such as availability of caregivers, patient’s quality of life, needs, and preferences should be simultaneously considered."
